id,name,age,email,phone
1,John Doe,30,johndoe@example.com,123-456-7890
2,Jane Doe,25,janedoe@example.com,234-567-8901
3,Alice,35,alice@example.com,345-678-9012
4,Bob,40,bob@example.com,456-789-0123
5,Charlie,45,charlie@example.com,567-890-1234
6,David,50,david@example.com,678-901-2345
7,Eve,55,eve@example.com,789-012-3456
8,Frank,60,frank@example.com,890-123-4567
9,Grace,65,grace@example.com,901-234-5678
10,Harry,70,harry@example.com,012-345-6789
11,Irene,75,irene@example.com,123-456-7890
12,Jack,80,jack@example.com,234-567-8901
13,Kelly,85,kelly@example.com,345-678-9012
14,Larry,90,larry@example.com,456-789-0123
15,Mary,95,mary@example.com,567-890-1234
16,Nora,100,nora@example.com,678-901-2345
17,Olivia,105,olivia@example.com,789-012-3456
18,Peter,110,peter@example.com,890-123-4567
19,Queenie,115,queenie@example.com,901-234-5678
20,Roger,120,roger@example.com,012-345-6789
21,Sarah,125,sarah@example.com,123-456-7890
22,Tom,130,tom@example.com,234-567-8901
23,Ursula,135,ursula@example.com,345-678-9012
24,Victor,140,victor@example.com,456-789-0123
25,Wendy,145,wendy@example.com,567-890-1234
26,Xavier,150,xavier@example.com,678-901-2345
27,Yvonne,155,yvonne@example.com,789-012-3456
28,Zack,160,zack@example.com,890-123-4567
29,Alice,165,alice2@example.com,901-234-5678
30,Bob,170,bob2@example.com,012-345-6789
31,Charlie,175,charlie2@example.com,123-456-7890
32,David,180,david2@example.com,234-567-8901
33,Eve,185,eve2@example.com,345-678-9012
34,Frank,190,frank2@example.com,456-789-0123
35,Grace,195,grace2@example.com,567-890-1234
36,Harry,200,harry2@example.com,678-901-2345
37,Irene,205,irene2@example.com,789-012-3456
38,Jack,210,jack2@example.com,890-123-4567
39,Kelly,215,kelly2@example.com,901-234-5678
40,Larry,220,larry2@example.com,012-345-6789
